{ "frames": [
   {
    "filename": "anime_sword.aseprite",
    "frame": { "x": 0, "y": 0, "w": 7, "h": 14 },
    "rotated": false,
    "trimmed": false,
    "spriteSourceSize": { "x": 0, "y": 0, "w": 7, "h": 14 },
    "sourceSize": { "w": 7, "h": 14 },
    "duration": 100
   },
   {
    "filename": "arrow.aseprite",
    "frame": { "x": 0, "y": 14, "w": 7, "h": 16 },
    "rotated": false,
    "trimmed": false,
    "spriteSourceSize": { "x": 0, "y": 0, "w": 7, "h": 16 },
    "sourceSize": { "w": 7, "h": 16 },
    "duration": 100
   },
   {
    "filename": "axe.aseprite",
    "frame": { "x": 0, "y": 30, "w": 8, "h": 10 },
    "rotated": false,
    "trimmed": false,
    "spriteSourceSize": { "x": 0, "y": 0, "w": 8, "h": 10 },
    "sourceSize": { "w": 8, "h": 10 },
    "duration": 100
   },
   {
    "filename": "big_axe.aseprite",
    "frame": { "x": 0, "y": 40, "w": 9, "h": 11 },
    "rotated": false,
    "trimmed": false,
    "spriteSourceSize": { "x": 0, "y": 0, "w": 9, "h": 11 },
    "sourceSize": { "w": 9, "h": 11 },
    "duration": 100
   },
   {
    "filename": "blades.aseprite",
    "frame": { "x": 0, "y": 51, "w": 13, "h": 10 },
    "rotated": false,
    "trimmed": false,
    "spriteSourceSize": { "x": 0, "y": 0, "w": 13, "h": 10 },
    "sourceSize": { "w": 13, "h": 10 },
    "duration": 100
   },
   {
    "filename": "bow.aseprite",
    "frame": { "x": 0, "y": 61, "w": 6, "h": 13 },
    "rotated": false,
    "trimmed": false,
    "spriteSourceSize": { "x": 0, "y": 0, "w": 6, "h": 13 },
    "sourceSize": { "w": 6, "h": 13 },
    "duration": 100
   },
   {
    "filename": "chest 0.aseprite",
    "frame": { "x": 0, "y": 74, "w": 9, "h": 9 },
    "rotated": false,
    "trimmed": false,
    "spriteSourceSize": { "x": 0, "y": 0, "w": 9, "h": 9 },
    "sourceSize": { "w": 9, "h": 9 },
    "duration": 100
   },
   {
    "filename": "chest 1.aseprite",
    "frame": { "x": 9, "y": 74, "w": 9, "h": 9 },
    "rotated": false,
    "trimmed": false,
    "spriteSourceSize": { "x": 0, "y": 0, "w": 9, "h": 9 },
    "sourceSize": { "w": 9, "h": 9 },
    "duration": 100
   },
   {
    "filename": "chest 2.aseprite",
    "frame": { "x": 18, "y": 74, "w": 9, "h": 9 },
    "rotated": false,
    "trimmed": false,
    "spriteSourceSize": { "x": 0, "y": 0, "w": 9, "h": 9 },
    "sourceSize": { "w": 9, "h": 9 },
    "duration": 100
   },
   {
    "filename": "chest2 0.aseprite",
    "frame": { "x": 0, "y": 83, "w": 9, "h": 9 },
    "rotated": false,
    "trimmed": false,
    "spriteSourceSize": { "x": 0, "y": 0, "w": 9, "h": 9 },
    "sourceSize": { "w": 9, "h": 9 },
    "duration": 100
   },
   {
    "filename": "chest2 1.aseprite",
    "frame": { "x": 9, "y": 83, "w": 9, "h": 9 },
    "rotated": false,
    "trimmed": false,
    "spriteSourceSize": { "x": 0, "y": 0, "w": 9, "h": 9 },
    "sourceSize": { "w": 9, "h": 9 },
    "duration": 100
   },
   {
    "filename": "chest2 2.aseprite",
    "frame": { "x": 18, "y": 83, "w": 9, "h": 9 },
    "rotated": false,
    "trimmed": false,
    "spriteSourceSize": { "x": 0, "y": 0, "w": 9, "h": 9 },
    "sourceSize": { "w": 9, "h": 9 },
    "duration": 100
   },
   {
    "filename": "cleaver.aseprite",
    "frame": { "x": 0, "y": 92, "w": 6, "h": 10 },
    "rotated": false,
    "trimmed": false,
    "spriteSourceSize": { "x": 0, "y": 0, "w": 6, "h": 10 },
    "sourceSize": { "w": 6, "h": 10 },
    "duration": 100
   },
   {
    "filename": "coin_gold 0.aseprite",
    "frame": { "x": 0, "y": 102, "w": 11, "h": 12 },
    "rotated": false,
    "trimmed": false,
    "spriteSourceSize": { "x": 0, "y": 0, "w": 11, "h": 12 },
    "sourceSize": { "w": 11, "h": 12 },
    "duration": 100
   },
   {
    "filename": "coin_gold 1.aseprite",
    "frame": { "x": 11, "y": 102, "w": 11, "h": 12 },
    "rotated": false,
    "trimmed": false,
    "spriteSourceSize": { "x": 0, "y": 0, "w": 11, "h": 12 },
    "sourceSize": { "w": 11, "h": 12 },
    "duration": 100
   },
   {
    "filename": "coin_gold 2.aseprite",
    "frame": { "x": 22, "y": 102, "w": 11, "h": 12 },
    "rotated": false,
    "trimmed": false,
    "spriteSourceSize": { "x": 0, "y": 0, "w": 11, "h": 12 },
    "sourceSize": { "w": 11, "h": 12 },
    "duration": 100
   },
   {
    "filename": "coin_gold 3.aseprite",
    "frame": { "x": 33, "y": 102, "w": 11, "h": 12 },
    "rotated": false,
    "trimmed": false,
    "spriteSourceSize": { "x": 0, "y": 0, "w": 11, "h": 12 },
    "sourceSize": { "w": 11, "h": 12 },
    "duration": 100
   },
   {
    "filename": "coin_silver 0.aseprite",
    "frame": { "x": 0, "y": 114, "w": 11, "h": 12 },
    "rotated": false,
    "trimmed": false,
    "spriteSourceSize": { "x": 0, "y": 0, "w": 11, "h": 12 },
    "sourceSize": { "w": 11, "h": 12 },
    "duration": 100
   },
   {
    "filename": "coin_silver 1.aseprite",
    "frame": { "x": 11, "y": 114, "w": 11, "h": 12 },
    "rotated": false,
    "trimmed": false,
    "spriteSourceSize": { "x": 0, "y": 0, "w": 11, "h": 12 },
    "sourceSize": { "w": 11, "h": 12 },
    "duration": 100
   },
   {
    "filename": "coin_silver 2.aseprite",
    "frame": { "x": 22, "y": 114, "w": 11, "h": 12 },
    "rotated": false,
    "trimmed": false,
    "spriteSourceSize": { "x": 0, "y": 0, "w": 11, "h": 12 },
    "sourceSize": { "w": 11, "h": 12 },
    "duration": 100
   },
   {
    "filename": "coin_silver 3.aseprite",
    "frame": { "x": 33, "y": 114, "w": 11, "h": 12 },
    "rotated": false,
    "trimmed": false,
    "spriteSourceSize": { "x": 0, "y": 0, "w": 11, "h": 12 },
    "sourceSize": { "w": 11, "h": 12 },
    "duration": 100
   },
   {
    "filename": "flag_blue.aseprite",
    "frame": { "x": 0, "y": 126, "w": 7, "h": 14 },
    "rotated": false,
    "trimmed": false,
    "spriteSourceSize": { "x": 0, "y": 0, "w": 7, "h": 14 },
    "sourceSize": { "w": 7, "h": 14 },
    "duration": 100
   },
   {
    "filename": "flag_blue2.aseprite",
    "frame": { "x": 0, "y": 140, "w": 7, "h": 14 },
    "rotated": false,
    "trimmed": false,
    "spriteSourceSize": { "x": 0, "y": 0, "w": 7, "h": 14 },
    "sourceSize": { "w": 7, "h": 14 },
    "duration": 100
   },
   {
    "filename": "flag_green.aseprite",
    "frame": { "x": 0, "y": 154, "w": 7, "h": 14 },
    "rotated": false,
    "trimmed": false,
    "spriteSourceSize": { "x": 0, "y": 0, "w": 7, "h": 14 },
    "sourceSize": { "w": 7, "h": 14 },
    "duration": 100
   },
   {
    "filename": "flag_green2.aseprite",
    "frame": { "x": 0, "y": 168, "w": 7, "h": 14 },
    "rotated": false,
    "trimmed": false,
    "spriteSourceSize": { "x": 0, "y": 0, "w": 7, "h": 14 },
    "sourceSize": { "w": 7, "h": 14 },
    "duration": 100
   },
   {
    "filename": "flag_red.aseprite",
    "frame": { "x": 0, "y": 182, "w": 7, "h": 14 },
    "rotated": false,
    "trimmed": false,
    "spriteSourceSize": { "x": 0, "y": 0, "w": 7, "h": 14 },
    "sourceSize": { "w": 7, "h": 14 },
    "duration": 100
   },
   {
    "filename": "flag_red2.aseprite",
    "frame": { "x": 0, "y": 196, "w": 7, "h": 14 },
    "rotated": false,
    "trimmed": false,
    "spriteSourceSize": { "x": 0, "y": 0, "w": 7, "h": 14 },
    "sourceSize": { "w": 7, "h": 14 },
    "duration": 100
   },
   {
    "filename": "flag_yellow.aseprite",
    "frame": { "x": 0, "y": 210, "w": 7, "h": 14 },
    "rotated": false,
    "trimmed": false,
    "spriteSourceSize": { "x": 0, "y": 0, "w": 7, "h": 14 },
    "sourceSize": { "w": 7, "h": 14 },
    "duration": 100
   },
   {
    "filename": "flag_yellow2.aseprite",
    "frame": { "x": 0, "y": 224, "w": 7, "h": 14 },
    "rotated": false,
    "trimmed": false,
    "spriteSourceSize": { "x": 0, "y": 0, "w": 7, "h": 14 },
    "sourceSize": { "w": 7, "h": 14 },
    "duration": 100
   },
   {
    "filename": "gem_blue.aseprite",
    "frame": { "x": 0, "y": 238, "w": 6, "h": 6 },
    "rotated": false,
    "trimmed": false,
    "spriteSourceSize": { "x": 0, "y": 0, "w": 6, "h": 6 },
    "sourceSize": { "w": 6, "h": 6 },
    "duration": 100
   },
   {
    "filename": "gem_green.aseprite",
    "frame": { "x": 0, "y": 244, "w": 6, "h": 6 },
    "rotated": false,
    "trimmed": false,
    "spriteSourceSize": { "x": 0, "y": 0, "w": 6, "h": 6 },
    "sourceSize": { "w": 6, "h": 6 },
    "duration": 100
   },
   {
    "filename": "gem_red.aseprite",
    "frame": { "x": 0, "y": 250, "w": 6, "h": 6 },
    "rotated": false,
    "trimmed": false,
    "spriteSourceSize": { "x": 0, "y": 0, "w": 6, "h": 6 },
    "sourceSize": { "w": 6, "h": 6 },
    "duration": 100
   },
   {
    "filename": "gem_yellow.aseprite",
    "frame": { "x": 0, "y": 256, "w": 6, "h": 6 },
    "rotated": false,
    "trimmed": false,
    "spriteSourceSize": { "x": 0, "y": 0, "w": 6, "h": 6 },
    "sourceSize": { "w": 6, "h": 6 },
    "duration": 100
   },
   {
    "filename": "halberd.aseprite",
    "frame": { "x": 0, "y": 262, "w": 6, "h": 16 },
    "rotated": false,
    "trimmed": false,
    "spriteSourceSize": { "x": 0, "y": 0, "w": 6, "h": 16 },
    "sourceSize": { "w": 6, "h": 16 },
    "duration": 100
   },
   {
    "filename": "hammer.aseprite",
    "frame": { "x": 0, "y": 278, "w": 7, "h": 10 },
    "rotated": false,
    "trimmed": false,
    "spriteSourceSize": { "x": 0, "y": 0, "w": 7, "h": 10 },
    "sourceSize": { "w": 7, "h": 10 },
    "duration": 100
   },
   {
    "filename": "key_gold.aseprite",
    "frame": { "x": 0, "y": 288, "w": 7, "h": 12 },
    "rotated": false,
    "trimmed": false,
    "spriteSourceSize": { "x": 0, "y": 0, "w": 7, "h": 12 },
    "sourceSize": { "w": 7, "h": 12 },
    "duration": 100
   },
   {
    "filename": "key_silver.aseprite",
    "frame": { "x": 0, "y": 300, "w": 7, "h": 12 },
    "rotated": false,
    "trimmed": false,
    "spriteSourceSize": { "x": 0, "y": 0, "w": 7, "h": 12 },
    "sourceSize": { "w": 7, "h": 12 },
    "duration": 100
   },
   {
    "filename": "magic_staff_blue.aseprite",
    "frame": { "x": 0, "y": 312, "w": 7, "h": 16 },
    "rotated": false,
    "trimmed": false,
    "spriteSourceSize": { "x": 0, "y": 0, "w": 7, "h": 16 },
    "sourceSize": { "w": 7, "h": 16 },
    "duration": 100
   },
   {
    "filename": "magic_staff_green.aseprite",
    "frame": { "x": 0, "y": 328, "w": 7, "h": 16 },
    "rotated": false,
    "trimmed": false,
    "spriteSourceSize": { "x": 0, "y": 0, "w": 7, "h": 16 },
    "sourceSize": { "w": 7, "h": 16 },
    "duration": 100
   },
   {
    "filename": "magic_staff_red.aseprite",
    "frame": { "x": 0, "y": 344, "w": 7, "h": 16 },
    "rotated": false,
    "trimmed": false,
    "spriteSourceSize": { "x": 0, "y": 0, "w": 7, "h": 16 },
    "sourceSize": { "w": 7, "h": 16 },
    "duration": 100
   },
   {
    "filename": "magic_staff_yellow.aseprite",
    "frame": { "x": 0, "y": 360, "w": 7, "h": 16 },
    "rotated": false,
    "trimmed": false,
    "spriteSourceSize": { "x": 0, "y": 0, "w": 7, "h": 16 },
    "sourceSize": { "w": 7, "h": 16 },
    "duration": 100
   },
   {
    "filename": "pickaxe.aseprite",
    "frame": { "x": 0, "y": 376, "w": 9, "h": 10 },
    "rotated": false,
    "trimmed": false,
    "spriteSourceSize": { "x": 0, "y": 0, "w": 9, "h": 10 },
    "sourceSize": { "w": 9, "h": 10 },
    "duration": 100
   },
   {
    "filename": "potion_blue.aseprite",
    "frame": { "x": 0, "y": 386, "w": 7, "h": 8 },
    "rotated": false,
    "trimmed": false,
    "spriteSourceSize": { "x": 0, "y": 0, "w": 7, "h": 8 },
    "sourceSize": { "w": 7, "h": 8 },
    "duration": 100
   },
   {
    "filename": "potion_green.aseprite",
    "frame": { "x": 0, "y": 394, "w": 7, "h": 8 },
    "rotated": false,
    "trimmed": false,
    "spriteSourceSize": { "x": 0, "y": 0, "w": 7, "h": 8 },
    "sourceSize": { "w": 7, "h": 8 },
    "duration": 100
   },
   {
    "filename": "potion_red.aseprite",
    "frame": { "x": 0, "y": 402, "w": 7, "h": 8 },
    "rotated": false,
    "trimmed": false,
    "spriteSourceSize": { "x": 0, "y": 0, "w": 7, "h": 8 },
    "sourceSize": { "w": 7, "h": 8 },
    "duration": 100
   },
   {
    "filename": "potion_yellow.aseprite",
    "frame": { "x": 0, "y": 410, "w": 7, "h": 8 },
    "rotated": false,
    "trimmed": false,
    "spriteSourceSize": { "x": 0, "y": 0, "w": 7, "h": 8 },
    "sourceSize": { "w": 7, "h": 8 },
    "duration": 100
   },
   {
    "filename": "shield_blue.aseprite",
    "frame": { "x": 0, "y": 418, "w": 8, "h": 9 },
    "rotated": false,
    "trimmed": false,
    "spriteSourceSize": { "x": 0, "y": 0, "w": 8, "h": 9 },
    "sourceSize": { "w": 8, "h": 9 },
    "duration": 100
   },
   {
    "filename": "shield_green.aseprite",
    "frame": { "x": 0, "y": 427, "w": 8, "h": 9 },
    "rotated": false,
    "trimmed": false,
    "spriteSourceSize": { "x": 0, "y": 0, "w": 8, "h": 9 },
    "sourceSize": { "w": 8, "h": 9 },
    "duration": 100
   },
   {
    "filename": "shield_red.aseprite",
    "frame": { "x": 0, "y": 436, "w": 8, "h": 9 },
    "rotated": false,
    "trimmed": false,
    "spriteSourceSize": { "x": 0, "y": 0, "w": 8, "h": 9 },
    "sourceSize": { "w": 8, "h": 9 },
    "duration": 100
   },
   {
    "filename": "shield_yellow.aseprite",
    "frame": { "x": 0, "y": 445, "w": 8, "h": 9 },
    "rotated": false,
    "trimmed": false,
    "spriteSourceSize": { "x": 0, "y": 0, "w": 8, "h": 9 },
    "sourceSize": { "w": 8, "h": 9 },
    "duration": 100
   },
   {
    "filename": "spear.aseprite",
    "frame": { "x": 0, "y": 454, "w": 5, "h": 14 },
    "rotated": false,
    "trimmed": false,
    "spriteSourceSize": { "x": 0, "y": 0, "w": 5, "h": 14 },
    "sourceSize": { "w": 5, "h": 14 },
    "duration": 100
   },
   {
    "filename": "staff.aseprite",
    "frame": { "x": 0, "y": 468, "w": 5, "h": 12 },
    "rotated": false,
    "trimmed": false,
    "spriteSourceSize": { "x": 0, "y": 0, "w": 5, "h": 12 },
    "sourceSize": { "w": 5, "h": 12 },
    "duration": 100
   },
   {
    "filename": "staff_skull.aseprite",
    "frame": { "x": 0, "y": 480, "w": 7, "h": 15 },
    "rotated": false,
    "trimmed": false,
    "spriteSourceSize": { "x": 0, "y": 0, "w": 7, "h": 15 },
    "sourceSize": { "w": 7, "h": 15 },
    "duration": 100
   },
   {
    "filename": "sword.aseprite",
    "frame": { "x": 0, "y": 495, "w": 7, "h": 10 },
    "rotated": false,
    "trimmed": false,
    "spriteSourceSize": { "x": 0, "y": 0, "w": 7, "h": 10 },
    "sourceSize": { "w": 7, "h": 10 },
    "duration": 100
   }
 ],
 "meta": {
  "app": "http://www.aseprite.org/",
  "version": "1.3-beta6-dev",
  "image": "all.png",
  "format": "RGBA8888",
  "size": { "w": 44, "h": 505 },
  "scale": "1",
  "frameTags": [
  ]
 }
}
